{
  "RFID001": 0.0,
  "RFID002": 0.0,
  "RFID004": 0.0,
  "6A6CB588": 31.0,
  "A7903D96": 54.75300000000004,
  "DA6A9188": 40.0,
  "63B08286": 23.0,
  "DE2DF96C": 57.13200000000006,
  "DDA941BA": 2.0
}