{
  "6A6CB588": 58.53899999999999,
  "A7903D96": 54.75300000000004,
  "DA6A9188": 40.0,
  "63B08286": 31.0,
  "DE2DF96C": 57.13200000000006,
  "DDA941BA": 28.164999999999964,
  "FA9B6588": 8.782000000000039,
  "BA38F787": 67.65500000000009,
  "B3A28F86": 64.0,
  "C72CFD46": 10.043999999999983
}