{
  "6A6CB588": 10.0,
  "A7903D96": 50.34500000000003,
  "DA6A9188": 39.0,
  "63B08286": 32.0,
  "DE2DF96C": 53.09399999999994,
  "DDA941BA": 0.0,
  "FA9B6588": 22.963999999999942,
  "BA38F787": 0.0,
  "B3A28F86": 55.0,
  "C72CFD46": 6.0,
  "A3FAC686": 30.0,
  "717C576A": 40.0
}